id,first,last,purchase_number,fav_book
11111,Philip,Fry,2,9.780872205468E+12
11112,Turanga ,Leela,1,9.780141026282E+12
11113,Hubert ,Farnsworth ,3,9.780140449150E+12
11114,Amy,Wong,2,9.781929280100E+12
11115,Hermes,Conrad,1,9.780142437070E+12
