transaction_id,customer_id,ISBN
1,11111,9.780872205468E+12
2,11111,9.780140449044E+12
3,11112,9.780141026282E+12
4,11113,9.780140449150E+12
5,11113,9.780872205468E+12
6,11114,9.781929280100E+12
7,11114,9.780743482776E+12
8,11115,9.780142437070E+12
